NamaFile,BanyakOrang,Kamera,Label
test_0053.jpg,4,1,Sedang
test_0054.jpg,4,1,Sedang
test_0055.jpg,4,1,Sedang
test_0056.jpg,4,1,Sedang
test_0057.jpg,5,1,Sedang
test_0058.jpg,5,1,Sedang
test_0059.jpg,5,1,Sedang
test_0060.jpg,5,1,Sedang
test_0061.jpg,5,1,Sedang
test_0062.jpg,4,1,Sedang
test_0063.jpg,5,1,Sedang
test_0064.jpg,5,1,Sedang
test_0065.jpg,5,1,Sedang
test_0066.jpg,5,1,Sedang
test_0067.jpg,5,1,Sedang
test_0068.jpg,4,1,Sedang
test_0069.jpg,6,1,Sedang
test_0070.jpg,6,1,Sedang
test_0071.jpg,5,1,Sedang
test_0072.jpg,6,1,Sedang
test_0073.jpg,6,1,Sedang
test_0074.jpg,6,1,Sedang
test_0109.jpg,5,2,Sedang
test_0110.jpg,5,2,Sedang
test_0111.jpg,5,2,Sedang
test_0112.jpg,5,2,Sedang
test_0113.jpg,5,2,Sedang
test_0114.jpg,5,2,Sedang
test_0115.jpg,5,2,Sedang
test_0116.jpg,5,2,Sedang
test_0117.jpg,5,2,Sedang
test_0118.jpg,5,2,Sedang
test_0119.jpg,5,2,Sedang
test_0120.jpg,5,2,Sedang
test_0121.jpg,5,2,Sedang
test_0122.jpg,5,2,Sedang
test_0123.jpg,5,2,Sedang
test_0124.jpg,5,2,Sedang
test_0125.jpg,5,2,Sedang
test_0126.jpg,5,2,Sedang
test_0127.jpg,5,2,Sedang
test_0128.jpg,5,2,Sedang
test_0129.jpg,4,2,Sedang
test_0130.jpg,4,2,Sedang
test_0131.jpg,4,2,Sedang
test_0132.jpg,4,2,Sedang
test_0133.jpg,6,2,Sedang
test_0134.jpg,6,2,Sedang
test_0135.jpg,6,2,Sedang
test_0136.jpg,6,2,Sedang
test_0137.jpg,5,2,Sedang
test_0138.jpg,6,2,Sedang
test_0139.jpg,6,2,Sedang
test_0140.jpg,6,2,Sedang
test_0141.jpg,6,2,Sedang
test_0142.jpg,6,2,Sedang
test_0143.jpg,6,2,Sedang
test_0144.jpg,6,2,Sedang
test_0145.jpg,6,2,Sedang
test_0146.jpg,6,2,Sedang
test_0147.jpg,6,2,Sedang
test_0148.jpg,5,2,Sedang
test_0149.jpg,5,2,Sedang
test_0150.jpg,6,2,Sedang
test_0151.jpg,6,2,Sedang
test_0152.jpg,5,2,Sedang
test_0153.jpg,5,2,Sedang
test_0154.jpg,5,2,Sedang
test_0155.jpg,6,2,Sedang
test_0156.jpg,6,2,Sedang
test_0157.jpg,6,2,Sedang
valid_0065.jpg,6,1,Dingin
valid_0066.jpg,6,1,Dingin
valid_0067.jpg,5,1,Dingin
valid_0068.jpg,5,1,Dingin
valid_0069.jpg,6,1,Dingin
valid_0070.jpg,6,1,Dingin
valid_0071.jpg,5,1,Dingin
valid_0072.jpg,6,1,Dingin
valid_0073.jpg,6,1,Dingin
valid_0074.jpg,6,1,Dingin
valid_0075.jpg,6,1,Dingin
valid_0076.jpg,6,1,Dingin
valid_0077.jpg,6,1,Dingin
valid_0078.jpg,6,1,Dingin
valid_0079.jpg,6,1,Dingin
valid_0080.jpg,6,1,Dingin
valid_0081.jpg,6,1,Dingin
valid_0082.jpg,6,1,Dingin
valid_0083.jpg,6,1,Dingin
valid_0097.jpg,6,1,Dingin
valid_0098.jpg,6,1,Dingin
valid_0099.jpg,6,1,Dingin
valid_0100.jpg,6,1,Dingin
valid_0101.jpg,5,1,Dingin
valid_0102.jpg,6,1,Dingin
valid_0103.jpg,5,1,Dingin
valid_0104.jpg,6,1,Dingin
valid_0105.jpg,5,1,Dingin
valid_0106.jpg,6,1,Dingin
valid_0107.jpg,6,1,Dingin
valid_0108.jpg,6,1,Dingin
valid_0109.jpg,6,1,Dingin
valid_0177.jpg,6,2,Dingin
valid_0178.jpg,6,2,Dingin
valid_0179.jpg,6,2,Dingin
valid_0180.jpg,6,2,Dingin
valid_0181.jpg,6,2,Dingin
valid_0182.jpg,6,2,Dingin
valid_0183.jpg,6,2,Dingin
valid_0184.jpg,6,2,Dingin
valid_0185.jpg,6,2,Dingin
valid_0186.jpg,6,2,Dingin
valid_0187.jpg,6,2,Dingin
valid_0188.jpg,6,2,Dingin
valid_0189.jpg,6,2,Dingin
valid_0190.jpg,6,2,Dingin
valid_0191.jpg,6,2,Dingin
valid_0192.jpg,6,2,Dingin
valid_0193.jpg,6,2,Dingin
valid_0194.jpg,6,2,Dingin
valid_0195.jpg,6,2,Dingin
valid_0196.jpg,6,2,Dingin
valid_0197.jpg,5,2,Dingin
valid_0198.jpg,5,2,Dingin
valid_0199.jpg,6,2,Dingin
valid_0200.jpg,6,2,Dingin
valid_0201.jpg,6,2,Dingin
valid_0202.jpg,6,2,Dingin
valid_0203.jpg,6,2,Dingin
valid_0204.jpg,6,2,Dingin
valid_0205.jpg,6,2,Dingin
valid_0206.jpg,6,2,Dingin
valid_0207.jpg,6,2,Dingin
valid_0208.jpg,6,2,Dingin
valid_0209.jpg,6,2,Dingin
valid_0210.jpg,6,2,Dingin
valid_0211.jpg,6,2,Dingin
valid_0212.jpg,6,2,Dingin
valid_0213.jpg,6,2,Dingin
valid_0214.jpg,6,2,Dingin
valid_0215.jpg,6,2,Dingin
valid_0216.jpg,6,2,Dingin
valid_0217.jpg,6,2,Dingin
valid_0218.jpg,6,2,Dingin
valid_0219.jpg,6,2,Dingin
valid_0225.jpg,7,2,Dingin
valid_0226.jpg,7,2,Dingin
valid_0227.jpg,6,2,Dingin
valid_0228.jpg,7,2,Dingin
valid_0229.jpg,6,2,Dingin
valid_0230.jpg,7,2,Dingin
valid_0231.jpg,6,2,Dingin
valid_0232.jpg,6,2,Dingin
valid_0233.jpg,6,2,Dingin
valid_0234.jpg,6,2,Dingin
valid_0235.jpg,6,2,Dingin
valid_0236.jpg,6,2,Dingin
valid_0237.jpg,6,2,Dingin
valid_0238.jpg,6,2,Dingin
train_0000.jpg,5,1,Sedang
train_0001.jpg,5,1,Sedang
train_0002.jpg,5,1,Sedang
train_0003.jpg,5,1,Sedang
train_0004.jpg,5,1,Sedang
train_0005.jpg,5,1,Sedang
train_0006.jpg,5,1,Sedang
train_0007.jpg,5,1,Sedang
train_0008.jpg,5,1,Sedang
train_0009.jpg,5,1,Sedang
train_0010.jpg,5,1,Sedang
train_0011.jpg,5,1,Sedang
train_0012.jpg,5,1,Sedang
train_0013.jpg,5,1,Sedang
train_0014.jpg,5,1,Sedang
train_0015.jpg,4,1,Sedang
train_0016.jpg,5,1,Sedang
train_0017.jpg,4,1,Sedang
train_0018.jpg,5,1,Sedang
train_0019.jpg,4,1,Sedang
train_0020.jpg,4,1,Sedang
train_0021.jpg,4,1,Sedang
train_0022.jpg,4,1,Sedang
train_0023.jpg,4,1,Sedang
train_0024.jpg,5,1,Sedang
train_0025.jpg,5,1,Sedang
train_0026.jpg,5,1,Sedang
train_0027.jpg,5,1,Sedang
train_0028.jpg,4,1,Sedang
train_0029.jpg,5,1,Sedang
train_0030.jpg,4,1,Sedang
train_0031.jpg,4,1,Sedang
train_0032.jpg,3,1,Sejuk
train_0033.jpg,4,1,Sejuk
train_0034.jpg,4,1,Sejuk
train_0035.jpg,4,1,Sejuk
train_0036.jpg,5,1,Sejuk
train_0037.jpg,5,1,Sejuk
train_0038.jpg,4,1,Sejuk
train_0039.jpg,3,1,Sejuk
train_0040.jpg,4,1,Sejuk
train_0041.jpg,4,1,Sejuk
train_0042.jpg,5,1,Sejuk
train_0043.jpg,5,1,Sejuk
train_0044.jpg,5,1,Sejuk
train_0045.jpg,3,1,Sejuk
train_0046.jpg,4,1,Sejuk
train_0047.jpg,5,1,Sedang
train_0048.jpg,4,1,Sedang
train_0049.jpg,4,1,Sedang
train_0050.jpg,4,1,Sedang
train_0051.jpg,4,1,Sedang
train_0052.jpg,4,1,Sedang
train_0053.jpg,5,1,Sedang
train_0054.jpg,4,1,Sedang
train_0055.jpg,4,1,Sedang
train_0056.jpg,4,1,Sedang
train_0057.jpg,4,1,Sedang
train_0058.jpg,5,1,Sedang
train_0059.jpg,5,1,Sedang
train_0060.jpg,4,1,Sedang
train_0061.jpg,5,1,Sedang
train_0062.jpg,5,1,Sedang
train_0063.jpg,5,1,Sedang
train_0064.jpg,5,1,Sedang
train_0065.jpg,5,1,Sedang
train_0066.jpg,4,1,Sedang
train_0067.jpg,4,1,Sedang
train_0068.jpg,4,1,Sedang
train_0069.jpg,5,1,Sedang
train_0070.jpg,5,1,Sedang
train_0071.jpg,5,1,Sedang
train_0072.jpg,4,1,Sedang
train_0073.jpg,5,1,Sedang
train_0074.jpg,4,1,Sedang
train_0075.jpg,5,1,Sedang
train_0076.jpg,4,1,Sedang
train_0077.jpg,4,1,Sedang
train_0078.jpg,5,1,Sedang
train_0079.jpg,5,1,Sedang
train_0080.jpg,5,1,Sedang
train_0081.jpg,5,1,Sedang
train_0082.jpg,4,1,Sedang
train_0083.jpg,5,1,Sedang
train_0084.jpg,5,1,Sedang
train_0085.jpg,4,1,Sedang
train_0086.jpg,3,1,Sejuk
train_0087.jpg,5,1,Sejuk
train_0088.jpg,3,1,Sejuk
train_0089.jpg,4,1,Sejuk
train_0090.jpg,5,1,Sejuk
train_0091.jpg,5,1,Sejuk
train_0092.jpg,5,1,Sejuk
train_0093.jpg,4,1,Sejuk
train_0094.jpg,5,1,Sejuk
train_0095.jpg,4,1,Sejuk
train_0096.jpg,4,1,Sejuk
train_0097.jpg,4,1,Sejuk
train_0098.jpg,5,1,Sejuk
train_0099.jpg,5,1,Sejuk
train_0100.jpg,5,1,Sejuk
train_0101.jpg,5,1,Sejuk
train_0102.jpg,5,1,Sejuk
train_0103.jpg,5,1,Sejuk
train_0104.jpg,5,1,Sejuk
train_0105.jpg,5,1,Sejuk
train_0106.jpg,5,1,Sejuk
train_0107.jpg,5,1,Sejuk
train_0108.jpg,4,1,Sejuk
train_0109.jpg,5,1,Sedang
train_0110.jpg,5,1,Sedang
train_0111.jpg,4,1,Sedang
train_0112.jpg,4,1,Sedang
train_0113.jpg,4,1,Sedang
train_0114.jpg,4,1,Sedang
train_0115.jpg,4,1,Sedang
train_0156.jpg,5,1,Sejuk
train_0158.jpg,5,1,Sejuk
train_0159.jpg,4,1,Sejuk
train_0160.jpg,4,1,Sejuk
train_0161.jpg,5,1,Sejuk
train_0162.jpg,5,1,Sejuk
train_0163.jpg,4,1,Sejuk
train_0164.jpg,4,1,Sejuk
train_0165.jpg,4,1,Sejuk
train_0166.jpg,5,1,Sejuk
train_0167.jpg,5,1,Sejuk
train_0168.jpg,5,1,Sejuk
train_0169.jpg,4,1,Sejuk
train_0170.jpg,5,1,Sejuk
train_0171.jpg,5,1,Sejuk
train_0172.jpg,5,1,Sejuk
train_0173.jpg,5,1,Sejuk
train_0174.jpg,6,1,Dingin
train_0175.jpg,6,1,Dingin
train_0176.jpg,5,1,Dingin
train_0177.jpg,6,1,Dingin
train_0178.jpg,6,1,Dingin
train_0179.jpg,6,1,Dingin
train_0180.jpg,6,1,Dingin
train_0181.jpg,6,1,Dingin
train_0182.jpg,6,1,Dingin
train_0183.jpg,6,1,Dingin
train_0184.jpg,5,1,Dingin
train_0185.jpg,6,1,Dingin
train_0186.jpg,6,1,Dingin
train_0187.jpg,6,1,Dingin
train_0188.jpg,6,1,Dingin
train_0189.jpg,6,1,Dingin
train_0190.jpg,6,1,Dingin
train_0191.jpg,5,1,Dingin
train_0192.jpg,6,1,Dingin
train_0205.jpg,6,2,Sejuk
train_0206.jpg,6,2,Sejuk
train_0207.jpg,6,2,Sejuk
train_0208.jpg,6,2,Sejuk
train_0209.jpg,6,2,Sejuk
train_0210.jpg,6,2,Sejuk
train_0211.jpg,6,2,Sejuk
train_0212.jpg,6,2,Sejuk
train_0213.jpg,6,2,Sejuk
train_0214.jpg,6,2,Sejuk
train_0215.jpg,6,2,Sejuk
train_0216.jpg,6,2,Sejuk
train_0217.jpg,6,2,Sejuk
train_0218.jpg,6,2,Sejuk
train_0219.jpg,6,2,Sejuk
train_0220.jpg,6,2,Sejuk
train_0221.jpg,5,2,Sejuk
train_0222.jpg,5,2,Sejuk
train_0223.jpg,5,2,Sejuk
train_0224.jpg,5,2,Sejuk
train_0225.jpg,5,2,Sejuk
train_0226.jpg,4,2,Sejuk
train_0227.jpg,4,2,Sejuk
train_0228.jpg,4,2,Sejuk
train_0229.jpg,4,2,Sejuk
train_0285.jpg,5,2,Dingin
train_0286.jpg,6,2,Dingin
train_0287.jpg,6,2,Dingin
train_0288.jpg,5,2,Dingin
train_0289.jpg,5,2,Dingin
train_0290.jpg,5,2,Dingin
train_0291.jpg,5,2,Dingin
train_0292.jpg,5,2,Dingin
train_0293.jpg,5,2,Dingin
train_0294.jpg,5,2,Dingin
train_0295.jpg,5,2,Dingin
train_0296.jpg,10,1,Dingin
train_0297.jpg,11,1,Dingin
train_0298.jpg,11,1,Dingin
train_0299.jpg,11,1,Dingin
train_0326.jpg,10,1,Dingin
train_0327.jpg,11,1,Dingin
train_0328.jpg,11,1,Dingin
train_0329.jpg,9,1,Dingin
train_0330.jpg,9,1,Dingin
train_0331.jpg,9,1,Dingin
train_0332.jpg,9,1,Dingin
train_0333.jpg,9,1,Dingin
train_0334.jpg,9,1,Dingin
train_0335.jpg,9,1,Dingin
train_0336.jpg,9,1,Dingin
train_0337.jpg,8,1,Dingin
train_0338.jpg,8,1,Dingin
train_0339.jpg,8,1,Dingin
train_0340.jpg,9,1,Dingin
train_0341.jpg,9,1,Dingin
train_0342.jpg,9,1,Dingin
train_0343.jpg,7,1,Dingin
train_0344.jpg,9,1,Dingin
train_0345.jpg,10,1,Dingin
train_0346.jpg,11,1,Dingin
train_0347.jpg,10,1,Dingin
train_0348.jpg,11,1,Dingin
train_0349.jpg,10,1,Dingin
train_0350.jpg,10,1,Dingin
train_0351.jpg,11,1,Dingin
train_0352.jpg,11,1,Dingin
train_0353.jpg,11,1,Dingin
train_0354.jpg,11,1,Dingin
train_0355.jpg,11,1,Dingin
train_0356.jpg,11,1,Dingin
train_0357.jpg,11,1,Dingin
train_0358.jpg,11,1,Dingin
train_0359.jpg,10,1,Dingin
train_0360.jpg,10,1,Dingin
train_0361.jpg,10,1,Dingin
train_0362.jpg,9,1,Dingin
train_0363.jpg,10,1,Dingin
train_0364.jpg,10,1,Dingin
train_0365.jpg,10,1,Dingin
train_0366.jpg,11,1,Dingin
train_0367.jpg,11,1,Dingin
train_0368.jpg,11,1,Dingin
train_0369.jpg,11,1,Dingin
train_0370.jpg,10,1,Dingin
train_0371.jpg,11,1,Dingin
train_0372.jpg,10,1,Dingin
train_0373.jpg,11,1,Dingin
train_0374.jpg,11,1,Dingin
train_0375.jpg,10,1,Dingin
train_0376.jpg,11,1,Dingin
train_0377.jpg,10,1,Dingin
train_0378.jpg,11,1,Dingin
train_0379.jpg,11,1,Dingin
train_0380.jpg,11,1,Dingin
train_0381.jpg,11,1,Dingin
train_0382.jpg,10,1,Dingin
train_0383.jpg,9,1,Dingin
train_0384.jpg,9,1,Dingin
train_0385.jpg,10,1,Dingin
train_0386.jpg,8,1,Dingin
train_0387.jpg,10,1,Dingin
train_0388.jpg,9,1,Dingin
train_0389.jpg,9,1,Dingin
train_0390.jpg,8,1,Dingin
train_0391.jpg,11,1,Dingin
train_0392.jpg,11,1,Dingin
train_0393.jpg,9,1,Dingin
train_0394.jpg,9,1,Dingin
train_0395.jpg,9,1,Dingin
train_0396.jpg,10,1,Dingin
train_0397.jpg,10,1,Dingin
train_0398.jpg,9,1,Dingin
train_0399.jpg,9,1,Dingin
train_0400.jpg,8,1,Dingin
train_0401.jpg,8,1,Dingin
train_0402.jpg,9,1,Dingin
train_0403.jpg,7,1,Dingin
train_0404.jpg,7,1,Dingin
train_0405.jpg,6,1,Sejuk
train_0406.jpg,6,1,Sejuk
train_0407.jpg,5,1,Sejuk
train_0408.jpg,5,1,Sejuk
train_0409.jpg,6,1,Sejuk
train_0410.jpg,4,1,Sejuk
train_0411.jpg,6,1,Sejuk
train_0412.jpg,5,1,Sejuk
train_0413.jpg,5,1,Sejuk
train_0414.jpg,4,1,Sejuk
train_0415.jpg,5,1,Sejuk
train_0416.jpg,5,1,Sejuk
train_0417.jpg,5,1,Sejuk
train_0418.jpg,5,1,Sejuk
train_0419.jpg,5,1,Sejuk
train_0420.jpg,5,1,Sejuk
train_0421.jpg,5,1,Sejuk
train_0422.jpg,5,1,Sejuk
train_0423.jpg,4,1,Sejuk
train_0424.jpg,4,1,Sejuk
train_0425.jpg,5,1,Sejuk
train_0426.jpg,5,1,Sejuk
train_0427.jpg,5,1,Sejuk
train_0428.jpg,5,1,Sejuk
train_0429.jpg,4,1,Sejuk
train_0430.jpg,4,1,Sejuk
train_0431.jpg,5,1,Sejuk
train_0432.jpg,5,1,Sejuk
train_0433.jpg,6,1,Sejuk
train_0434.jpg,5,1,Sejuk
train_0435.jpg,5,1,Sejuk
train_0436.jpg,5,1,Sejuk
train_0437.jpg,5,1,Sejuk
train_0438.jpg,5,1,Sejuk
train_0439.jpg,5,1,Sejuk
train_0440.jpg,5,1,Sejuk
train_0441.jpg,5,1,Sejuk
train_0442.jpg,5,1,Sejuk
train_0443.jpg,5,1,Sejuk
train_0444.jpg,5,1,Sejuk
train_0445.jpg,6,1,Sejuk
train_0446.jpg,5,1,Sejuk
train_0447.jpg,5,1,Sejuk
train_0448.jpg,6,1,Sejuk
train_0449.jpg,6,1,Sejuk
train_0450.jpg,5,1,Sejuk
train_0451.jpg,5,1,Sejuk
train_0452.jpg,6,1,Sejuk
train_0453.jpg,6,1,Sejuk
train_0454.jpg,5,1,Sejuk
train_0455.jpg,5,1,Sejuk
train_0456.jpg,5,1,Sejuk
train_0457.jpg,5,1,Sejuk
train_0458.jpg,5,1,Sejuk
train_0459.jpg,5,1,Sejuk
train_0460.jpg,5,1,Sejuk
train_0461.jpg,5,1,Sejuk
train_0462.jpg,6,1,Sejuk
train_0465.jpg,7,1,Dingin
train_0466.jpg,7,1,Dingin
train_0467.jpg,7,1,Dingin
train_0468.jpg,7,1,Dingin
train_0469.jpg,6,1,Dingin
train_0470.jpg,5,1,Dingin
train_0471.jpg,6,1,Dingin
train_0472.jpg,7,1,Dingin
train_0473.jpg,7,1,Dingin
train_0474.jpg,6,1,Dingin
train_0475.jpg,7,1,Dingin
train_0476.jpg,7,1,Dingin
train_0477.jpg,7,1,Dingin
train_0478.jpg,7,1,Dingin
train_0479.jpg,6,1,Dingin
train_0480.jpg,6,1,Dingin
train_0481.jpg,6,1,Dingin
train_0482.jpg,6,1,Dingin
train_0483.jpg,7,1,Dingin
train_0484.jpg,7,1,Dingin
train_0485.jpg,7,1,Dingin
train_0486.jpg,7,1,Dingin
train_0487.jpg,7,1,Dingin
train_0488.jpg,6,1,Dingin
train_0489.jpg,6,1,Dingin
train_0490.jpg,7,1,Dingin
train_0491.jpg,7,1,Dingin
train_0492.jpg,7,1,Dingin
train_0493.jpg,7,1,Dingin
train_0494.jpg,7,1,Dingin
train_0495.jpg,7,1,Dingin
train_0496.jpg,7,1,Dingin
train_0497.jpg,7,1,Dingin
train_0498.jpg,7,1,Dingin
train_0499.jpg,7,1,Dingin
train_0500.jpg,7,1,Dingin
train_0501.jpg,7,1,Dingin
train_0502.jpg,7,1,Dingin
train_0503.jpg,7,1,Dingin
train_0504.jpg,7,1,Dingin
train_0505.jpg,7,1,Dingin
train_0506.jpg,7,1,Dingin
train_0507.jpg,6,1,Dingin
train_0508.jpg,7,1,Dingin
train_0509.jpg,7,1,Dingin
train_0510.jpg,7,1,Dingin
train_0511.jpg,7,1,Dingin
train_0512.jpg,7,1,Dingin
train_0513.jpg,7,1,Dingin
train_0514.jpg,7,1,Dingin
train_0515.jpg,6,1,Dingin
train_0516.jpg,7,1,Dingin
train_0517.jpg,5,1,Dingin
train_0518.jpg,5,1,Dingin
train_0519.jpg,5,1,Dingin
train_0520.jpg,4,1,Dingin
train_0521.jpg,5,1,Dingin
train_0522.jpg,5,1,Dingin
train_0523.jpg,4,1,Dingin
train_0524.jpg,4,1,Dingin
train_0525.jpg,5,1,Dingin
train_0526.jpg,5,1,Dingin
train_0527.jpg,7,1,Dingin
train_0528.jpg,6,1,Dingin
train_0529.jpg,6,1,Dingin
train_0530.jpg,5,1,Dingin
train_0531.jpg,5,1,Dingin
train_0532.jpg,5,1,Dingin
train_0533.jpg,5,1,Dingin
train_0534.jpg,6,1,Dingin
train_0535.jpg,5,1,Dingin
train_0536.jpg,4,1,Dingin
train_0537.jpg,6,1,Dingin
train_0538.jpg,6,1,Dingin
train_0539.jpg,5,1,Dingin
train_0540.jpg,5,1,Dingin
train_0541.jpg,5,1,Dingin
train_0542.jpg,5,1,Dingin
train_0543.jpg,6,1,Dingin
train_0544.jpg,6,1,Dingin
train_0545.jpg,5,1,Dingin
train_0546.jpg,6,1,Dingin
train_0547.jpg,6,1,Dingin
train_0548.jpg,6,1,Dingin
train_0549.jpg,6,1,Dingin
train_0550.jpg,6,1,Dingin
train_0551.jpg,6,1,Dingin
train_0552.jpg,6,1,Dingin
train_0553.jpg,6,1,Dingin
train_0554.jpg,6,1,Dingin
train_0555.jpg,6,1,Dingin
train_0556.jpg,6,1,Dingin
train_0557.jpg,5,1,Dingin
train_0558.jpg,6,1,Dingin
train_0559.jpg,5,1,Dingin
train_0560.jpg,6,1,Dingin
train_0561.jpg,5,1,Dingin
train_0562.jpg,5,1,Dingin
train_0563.jpg,5,1,Dingin
train_0564.jpg,5,1,Dingin
train_0565.jpg,5,1,Dingin
train_0566.jpg,5,1,Dingin
train_0567.jpg,5,1,Dingin
train_0568.jpg,5,1,Dingin
train_0569.jpg,5,1,Dingin
train_0570.jpg,5,1,Dingin
train_0571.jpg,5,1,Dingin
train_0572.jpg,5,1,Dingin
train_0573.jpg,5,1,Dingin
train_0574.jpg,5,1,Dingin
train_0575.jpg,5,1,Dingin
train_0576.jpg,5,1,Dingin
train_0577.jpg,5,1,Dingin
train_0578.jpg,5,1,Dingin
train_0579.jpg,5,1,Dingin
train_0580.jpg,5,1,Dingin
train_0581.jpg,5,1,Dingin
train_0582.jpg,5,1,Dingin
train_0583.jpg,5,1,Dingin
train_0584.jpg,5,1,Dingin
train_0585.jpg,5,1,Dingin
train_0586.jpg,5,1,Dingin
train_0587.jpg,5,1,Dingin
train_0588.jpg,6,1,Dingin
train_0589.jpg,6,1,Dingin
train_0590.jpg,6,1,Dingin
train_0591.jpg,6,1,Dingin
train_0592.jpg,6,1,Dingin
train_0593.jpg,6,1,Dingin
train_0594.jpg,6,1,Dingin
train_0595.jpg,6,1,Dingin
train_0596.jpg,6,1,Dingin
train_0597.jpg,6,1,Dingin
train_0598.jpg,6,1,Dingin
train_0599.jpg,5,1,Dingin
train_0600.jpg,7,1,Sedang
train_0601.jpg,7,1,Sedang
train_0602.jpg,6,1,Sedang
train_0603.jpg,5,1,Sedang
train_0604.jpg,7,1,Sedang
train_0605.jpg,6,1,Sedang
train_0606.jpg,7,1,Sedang
train_0607.jpg,7,1,Sedang
train_0608.jpg,7,1,Sedang
train_0609.jpg,6,1,Sedang
train_0610.jpg,6,1,Sedang
train_0611.jpg,6,1,Sedang
train_0612.jpg,5,1,Sedang
train_0613.jpg,5,1,Sedang
train_0614.jpg,5,1,Sedang
train_0615.jpg,5,1,Sedang
train_0616.jpg,7,1,Sedang
train_0617.jpg,7,1,Sedang
train_0618.jpg,6,1,Sedang
train_0619.jpg,5,1,Sedang
train_0620.jpg,5,1,Sedang
train_0621.jpg,7,1,Sedang
train_0622.jpg,7,1,Sedang
train_0623.jpg,7,1,Sedang
train_0624.jpg,6,1,Sedang
train_0625.jpg,6,1,Sedang
train_0626.jpg,7,1,Sedang
train_0627.jpg,7,1,Sedang
train_0628.jpg,6,1,Sedang
train_0629.jpg,7,1,Sedang
train_0630.jpg,4,1,Sedang
train_0631.jpg,5,1,Sedang
train_0632.jpg,5,1,Sedang
train_0633.jpg,5,1,Sedang
train_0634.jpg,5,1,Sedang
train_0635.jpg,6,1,Sedang
train_0636.jpg,6,1,Sedang
train_0637.jpg,6,1,Sedang
train_0638.jpg,6,1,Sedang
train_0639.jpg,6,1,Sedang
train_0640.jpg,6,1,Sedang
train_0641.jpg,6,1,Sedang
train_0642.jpg,6,1,Sedang
train_0643.jpg,6,1,Sedang
train_0644.jpg,7,1,Sedang
train_0645.jpg,7,1,Sedang
train_0646.jpg,8,1,Sedang
train_0647.jpg,7,1,Sedang
train_0648.jpg,7,1,Sedang
train_0649.jpg,6,1,Sedang
train_0650.jpg,6,1,Sedang
train_0651.jpg,7,1,Sedang
train_0652.jpg,8,1,Sedang
train_0653.jpg,7,1,Sedang
train_0654.jpg,8,1,Sedang
train_0655.jpg,9,1,Sedang
train_0656.jpg,8,1,Sedang
train_0657.jpg,9,1,Sedang
train_0658.jpg,9,1,Sedang
train_0659.jpg,6,2,Sejuk
train_0660.jpg,6,2,Sejuk
train_0661.jpg,6,2,Sejuk
train_0662.jpg,6,2,Sejuk
train_0663.jpg,6,2,Sejuk
train_0664.jpg,7,2,Sejuk
train_0665.jpg,7,2,Sejuk
train_0666.jpg,7,2,Sejuk
train_0667.jpg,8,2,Sejuk
train_0668.jpg,8,2,Sejuk
train_0669.jpg,7,2,Sejuk
train_0670.jpg,6,2,Sejuk
train_0671.jpg,6,2,Sejuk
train_0672.jpg,6,2,Sejuk
train_0673.jpg,7,2,Sejuk
train_0674.jpg,7,2,Sejuk
train_0675.jpg,7,2,Sejuk
train_0676.jpg,8,2,Sejuk
train_0677.jpg,8,2,Sejuk
train_0678.jpg,9,2,Sejuk
train_0679.jpg,9,2,Sejuk
train_0680.jpg,9,2,Sejuk
train_0681.jpg,9,2,Sejuk
train_0682.jpg,9,2,Sejuk
train_0683.jpg,9,2,Sejuk
train_0684.jpg,9,2,Sejuk
train_0685.jpg,9,2,Sejuk
train_0686.jpg,9,2,Sejuk
train_0687.jpg,9,2,Sejuk
train_0688.jpg,8,2,Sejuk
train_0689.jpg,9,2,Sejuk
train_0690.jpg,9,2,Sejuk
train_0691.jpg,9,2,Sejuk
train_0692.jpg,9,2,Sejuk
train_0693.jpg,9,2,Sejuk
train_0694.jpg,9,2,Sejuk
train_0695.jpg,9,2,Sejuk
train_0696.jpg,9,2,Sejuk
train_0697.jpg,9,2,Sejuk
train_0698.jpg,8,2,Sejuk
train_0699.jpg,8,2,Sejuk
train_0700.jpg,8,2,Sejuk
train_0701.jpg,7,2,Sejuk
train_0702.jpg,8,2,Sejuk
train_0703.jpg,8,2,Sejuk
train_0704.jpg,8,2,Sejuk
train_0705.jpg,8,2,Sejuk
train_0706.jpg,8,2,Sejuk
train_0707.jpg,8,2,Sejuk
train_0708.jpg,8,2,Sejuk
train_0709.jpg,8,2,Sejuk
train_0710.jpg,9,2,Sejuk
train_0711.jpg,10,2,Sejuk
train_0712.jpg,10,2,Sejuk
train_0713.jpg,10,2,Sejuk
train_0714.jpg,10,2,Sejuk
train_0715.jpg,10,2,Sejuk
train_0716.jpg,10,2,Sejuk
train_0717.jpg,10,2,Sejuk
train_0718.jpg,10,2,Sejuk
train_0719.jpg,9,2,Sejuk
train_0720.jpg,9,2,Sejuk
train_0721.jpg,8,2,Sejuk
train_0722.jpg,8,2,Sejuk
train_0723.jpg,8,2,Sejuk
train_0724.jpg,9,2,Sejuk
train_0725.jpg,9,2,Sejuk
train_0726.jpg,9,2,Sejuk
train_0727.jpg,9,2,Sejuk
train_0728.jpg,10,2,Sejuk
train_0729.jpg,10,2,Sejuk
train_0730.jpg,10,2,Sejuk
train_0731.jpg,9,2,Sejuk
train_0732.jpg,9,2,Sejuk
train_0733.jpg,10,2,Sejuk
train_0734.jpg,9,2,Sejuk
train_0735.jpg,8,2,Sejuk
train_0736.jpg,8,2,Sejuk
train_0737.jpg,7,2,Sejuk
train_0764.jpg,5,2,Sejuk
train_0765.jpg,5,2,Sejuk
train_0766.jpg,5,2,Sejuk
train_0767.jpg,5,2,Sejuk
train_0768.jpg,5,2,Sejuk
train_0769.jpg,4,2,Sejuk
train_0770.jpg,4,2,Sejuk
train_0771.jpg,4,2,Sejuk
train_0772.jpg,4,2,Sejuk
train_0773.jpg,5,2,Sejuk
train_0774.jpg,4,2,Sejuk
train_0775.jpg,4,2,Sejuk
train_0776.jpg,4,2,Sejuk
train_0777.jpg,6,2,Sejuk
train_0778.jpg,6,2,Sejuk
train_0779.jpg,5,2,Sejuk
train_0780.jpg,4,2,Sejuk
train_0781.jpg,4,2,Sejuk
train_0782.jpg,4,2,Sejuk
train_0783.jpg,4,2,Sejuk
train_0784.jpg,4,2,Sejuk
train_0785.jpg,5,2,Sejuk
train_0786.jpg,5,2,Sejuk
train_0787.jpg,5,2,Sejuk
train_0788.jpg,5,2,Sejuk
train_0789.jpg,5,2,Sejuk
train_0790.jpg,4,2,Sejuk
train_0791.jpg,5,2,Sejuk
train_0792.jpg,5,2,Sejuk
train_0793.jpg,5,2,Sejuk
train_0794.jpg,5,2,Sejuk
train_0795.jpg,5,2,Sejuk
train_0796.jpg,5,2,Sejuk
train_0797.jpg,5,2,Sejuk
train_0798.jpg,5,2,Sejuk
train_0799.jpg,4,2,Sejuk
train_0800.jpg,4,2,Sejuk
train_0801.jpg,4,2,Sejuk
train_0802.jpg,4,2,Sejuk
train_0803.jpg,5,2,Sejuk
train_0804.jpg,4,2,Sejuk
train_0805.jpg,4,2,Sejuk
train_0806.jpg,4,2,Sejuk
train_0807.jpg,4,2,Sejuk
train_0808.jpg,4,2,Sejuk
train_0809.jpg,4,2,Sejuk
train_0810.jpg,4,2,Sejuk
train_0811.jpg,4,2,Sejuk
train_0812.jpg,4,2,Sejuk
train_0813.jpg,5,2,Sejuk
train_0814.jpg,5,2,Sejuk
train_0815.jpg,4,2,Sejuk
train_0816.jpg,4,2,Sejuk
train_0817.jpg,4,2,Sejuk
train_0818.jpg,5,2,Sejuk
train_0819.jpg,5,2,Sejuk
train_0820.jpg,5,2,Sejuk
train_0821.jpg,4,2,Sejuk
train_0822.jpg,5,2,Sejuk
train_0823.jpg,5,2,Sejuk
train_0824.jpg,4,2,Sejuk
train_0825.jpg,4,2,Sejuk
train_0826.jpg,5,2,Sejuk
train_0827.jpg,5,2,Sejuk
train_0828.jpg,5,2,Sejuk
train_0829.jpg,6,2,Sejuk
train_0830.jpg,6,2,Sejuk
train_0831.jpg,7,2,Sedang
train_0832.jpg,7,2,Sedang
train_0833.jpg,7,2,Sedang
train_0834.jpg,6,2,Sedang
train_0835.jpg,6,2,Sedang
train_0836.jpg,6,2,Sedang
train_0837.jpg,7,2,Sedang
train_0838.jpg,7,2,Sedang
train_0839.jpg,7,2,Sedang
train_0840.jpg,7,2,Sedang
train_0841.jpg,7,2,Sedang
train_0842.jpg,7,2,Sedang
train_0843.jpg,7,2,Sedang
train_0844.jpg,7,2,Sedang
train_0845.jpg,8,2,Sedang
train_0846.jpg,8,2,Sedang
train_0847.jpg,8,2,Sedang
train_0848.jpg,8,2,Sedang
train_0849.jpg,8,2,Sedang
train_0850.jpg,7,2,Sedang
train_0851.jpg,7,2,Sedang
train_0852.jpg,7,2,Sedang
train_0853.jpg,7,2,Sedang
train_0854.jpg,8,2,Sedang
train_0855.jpg,8,2,Sedang
train_0856.jpg,8,2,Sedang
train_0857.jpg,8,2,Sedang
train_0858.jpg,9,2,Sedang
train_0859.jpg,8,2,Sedang
train_0860.jpg,8,2,Sedang
train_0861.jpg,8,2,Sedang
train_0862.jpg,8,2,Sedang
train_0863.jpg,8,2,Sedang
train_0864.jpg,8,2,Sedang
train_0865.jpg,8,2,Sedang
train_0866.jpg,8,2,Sedang
train_0867.jpg,8,2,Sedang
train_0868.jpg,7,2,Sedang
train_0869.jpg,8,2,Sedang
train_0870.jpg,8,2,Sedang
train_0871.jpg,9,2,Sedang
train_0872.jpg,8,2,Sedang
train_0873.jpg,8,2,Sedang
train_0874.jpg,8,2,Sedang
train_0875.jpg,8,2,Sedang
train_0876.jpg,8,2,Sedang
train_0877.jpg,8,2,Sedang
train_0878.jpg,8,2,Sedang
train_0879.jpg,8,2,Sedang
train_0880.jpg,8,2,Sedang
train_0881.jpg,8,2,Sedang
train_0882.jpg,9,2,Sedang
train_0883.jpg,9,2,Sedang
train_0884.jpg,9,2,Sedang
train_0885.jpg,9,2,Sedang
train_0886.jpg,9,2,Sedang
train_0887.jpg,9,2,Sedang
train_0888.jpg,9,2,Sedang
train_0889.jpg,9,2,Sedang
train_0890.jpg,9,2,Sedang
train_0891.jpg,8,2,Sedang
train_0892.jpg,8,2,Sedang
train_0893.jpg,8,2,Sedang
train_0894.jpg,9,2,Sedang
train_0895.jpg,10,2,Dingin
train_0896.jpg,10,2,Dingin
train_0897.jpg,10,2,Dingin
train_0898.jpg,9,2,Dingin
train_0899.jpg,10,2,Dingin
train_0900.jpg,10,2,Dingin
train_0901.jpg,10,2,Dingin
train_0902.jpg,10,2,Dingin
train_0903.jpg,10,2,Dingin
train_0904.jpg,9,2,Dingin
train_0905.jpg,9,2,Dingin
train_0906.jpg,9,2,Dingin
train_0907.jpg,9,2,Dingin
train_0908.jpg,9,2,Dingin
train_0909.jpg,9,2,Dingin
train_0910.jpg,9,2,Dingin
train_0911.jpg,9,2,Dingin
train_0912.jpg,8,2,Dingin
train_0913.jpg,8,2,Dingin
train_0914.jpg,8,2,Dingin
train_0915.jpg,8,2,Dingin
train_0916.jpg,8,2,Dingin
train_0917.jpg,10,2,Dingin
train_0918.jpg,11,2,Sedang
train_0919.jpg,11,2,Sedang
train_0920.jpg,11,2,Sedang
train_0921.jpg,11,2,Sedang
train_0922.jpg,11,2,Sedang
train_0923.jpg,11,2,Sedang
train_0924.jpg,11,2,Sedang
train_0925.jpg,11,2,Sedang
train_0926.jpg,11,2,Sedang
train_0927.jpg,11,2,Sedang
train_0928.jpg,11,2,Sedang
train_0929.jpg,11,2,Sedang
train_0930.jpg,10,2,Sedang
train_0931.jpg,10,2,Sedang
train_0932.jpg,10,2,Sedang
train_0933.jpg,10,2,Sedang
train_0934.jpg,10,2,Sedang
train_0935.jpg,10,2,Sedang
train_0936.jpg,10,2,Sedang
train_0937.jpg,10,2,Sedang
train_0938.jpg,10,2,Sedang
train_0939.jpg,9,2,Sedang
train_0940.jpg,10,2,Sedang
train_0941.jpg,10,2,Sedang
train_0942.jpg,10,2,Sedang
train_0943.jpg,9,2,Sedang
train_0944.jpg,10,2,Sedang
train_0945.jpg,10,2,Sedang
train_0946.jpg,10,2,Sedang
train_0947.jpg,9,2,Sedang
train_0948.jpg,9,2,Sedang
train_0949.jpg,9,2,Sedang
train_0950.jpg,9,2,Sedang
train_0951.jpg,10,2,Sedang
train_0952.jpg,10,2,Sedang
train_0953.jpg,10,2,Sedang
train_0954.jpg,11,2,Sedang
train_0955.jpg,11,2,Sedang
train_0956.jpg,11,2,Sedang
train_0957.jpg,10,2,Sedang
train_0958.jpg,10,2,Sedang
train_0959.jpg,10,2,Sedang
train_0960.jpg,10,2,Sedang
train_0961.jpg,9,2,Sedang
train_0962.jpg,10,2,Sedang
train_0963.jpg,10,2,Sedang
train_0964.jpg,10,2,Sedang
train_0965.jpg,10,2,Sedang
train_0966.jpg,10,2,Sedang
train_0967.jpg,10,2,Sedang
train_0968.jpg,10,2,Sedang
train_0969.jpg,10,2,Sedang
train_0970.jpg,10,2,Sedang
train_0971.jpg,10,2,Sedang
train_0972.jpg,10,2,Sedang
train_0973.jpg,10,2,Sedang
train_0974.jpg,10,2,Sedang
train_0975.jpg,10,2,Sedang
train_0976.jpg,10,2,Sedang
train_0977.jpg,9,2,Sedang
train_0978.jpg,10,2,Sedang
train_0979.jpg,10,2,Sedang
train_0980.jpg,9,2,Sedang
train_0981.jpg,10,2,Sedang
train_0982.jpg,10,2,Sedang
train_0983.jpg,10,2,Sedang
train_0984.jpg,10,2,Sedang
train_0985.jpg,10,2,Sedang
train_0986.jpg,10,2,Sedang
train_0987.jpg,10,2,Sedang
train_0988.jpg,10,2,Sedang
train_0989.jpg,10,2,Sedang
train_0990.jpg,10,2,Sedang
train_0991.jpg,10,2,Sedang
train_0992.jpg,10,2,Sedang
train_0993.jpg,9,2,Sedang
train_0994.jpg,9,2,Sedang
train_0995.jpg,9,2,Sedang
train_0996.jpg,10,2,Sedang
train_0997.jpg,10,2,Sedang
train_0998.jpg,10,2,Sedang
train_0999.jpg,10,2,Sedang
train_1000.jpg,10,2,Sedang
train_1001.jpg,9,2,Sedang
train_1002.jpg,10,2,Sedang
train_1003.jpg,8,2,Sedang
train_1004.jpg,9,2,Sedang
train_1005.jpg,9,2,Sedang
train_1006.jpg,10,2,Sedang
train_1007.jpg,10,2,Sedang
train_1008.jpg,9,2,Sedang
train_1009.jpg,9,2,Sedang
train_1010.jpg,7,2,Sedang
train_1011.jpg,10,2,Dingin
train_1012.jpg,10,2,Dingin
train_1013.jpg,10,2,Dingin
train_1014.jpg,10,2,Dingin
train_1015.jpg,9,2,Dingin
train_1016.jpg,9,2,Dingin
train_1017.jpg,9,2,Dingin
train_1018.jpg,9,2,Dingin
train_1019.jpg,9,2,Dingin
train_1020.jpg,9,2,Dingin
train_1021.jpg,9,2,Dingin
train_1022.jpg,9,2,Dingin
train_1023.jpg,9,2,Dingin
train_1024.jpg,9,2,Dingin
train_1025.jpg,9,2,Dingin
train_1026.jpg,9,2,Dingin
train_1027.jpg,9,2,Dingin
train_1028.jpg,9,2,Dingin
train_1029.jpg,9,2,Dingin
train_1030.jpg,9,2,Dingin
train_1031.jpg,9,2,Dingin
train_1032.jpg,9,2,Dingin
train_1033.jpg,9,2,Dingin
train_1034.jpg,9,2,Dingin
train_1035.jpg,8,2,Dingin
train_1036.jpg,8,2,Dingin
train_1037.jpg,10,2,Dingin
train_1038.jpg,10,2,Dingin
train_1039.jpg,9,2,Dingin
train_1040.jpg,10,2,Dingin
train_1041.jpg,10,2,Dingin
train_1042.jpg,10,2,Dingin
train_1043.jpg,10,2,Dingin
train_1044.jpg,9,2,Dingin
train_1045.jpg,9,2,Dingin
train_1046.jpg,9,2,Dingin
train_1047.jpg,8,2,Dingin
train_1048.jpg,8,2,Dingin
train_1049.jpg,8,2,Dingin
train_1050.jpg,8,2,Dingin
train_1051.jpg,9,2,Dingin
train_1052.jpg,8,2,Dingin
train_1053.jpg,8,2,Dingin
train_1054.jpg,8,2,Dingin
train_1055.jpg,9,2,Dingin
train_1056.jpg,8,2,Dingin
train_1057.jpg,8,2,Dingin
train_1058.jpg,8,2,Dingin
train_1059.jpg,8,2,Dingin
train_1060.jpg,8,2,Dingin
train_1061.jpg,9,2,Dingin
train_1062.jpg,9,2,Dingin
train_1063.jpg,9,2,Dingin
train_1064.jpg,9,2,Dingin
train_1065.jpg,9,2,Dingin
train_1066.jpg,9,2,Dingin
train_1067.jpg,9,2,Dingin
train_1068.jpg,9,2,Dingin
train_1069.jpg,10,2,Dingin
train_1070.jpg,10,2,Dingin
train_1071.jpg,9,2,Dingin
train_1072.jpg,10,2,Dingin
train_1073.jpg,10,2,Dingin
train_1074.jpg,9,2,Dingin
train_1075.jpg,9,2,Dingin
train_1076.jpg,10,2,Dingin
train_1077.jpg,9,2,Dingin
train_1078.jpg,7,2,Dingin
train_1079.jpg,9,2,Dingin
train_1080.jpg,11,2,Dingin
train_1081.jpg,10,2,Dingin
train_1082.jpg,11,2,Dingin
train_1083.jpg,9,2,Dingin
train_1084.jpg,11,2,Dingin
train_1085.jpg,11,2,Dingin
train_1086.jpg,10,2,Dingin
train_1087.jpg,10,2,Dingin
train_1088.jpg,10,2,Dingin
train_1089.jpg,10,2,Dingin
train_1090.jpg,10,2,Dingin
train_1091.jpg,11,2,Dingin
train_1092.jpg,11,2,Dingin
train_1093.jpg,11,2,Dingin
train_1094.jpg,10,2,Dingin
train_1095.jpg,11,2,Dingin
train_1096.jpg,10,2,Dingin
train_1097.jpg,11,2,Dingin
train_1098.jpg,9,2,Dingin
train_1099.jpg,10,2,Dingin
train_1100.jpg,10,2,Dingin
train_1101.jpg,10,2,Dingin
train_1102.jpg,9,2,Dingin
train_1103.jpg,10,2,Dingin
train_1104.jpg,10,2,Dingin
train_1105.jpg,10,2,Dingin
train_1106.jpg,10,2,Dingin
train_1107.jpg,11,2,Dingin
train_1108.jpg,10,2,Dingin
train_1109.jpg,10,2,Dingin
train_1110.jpg,9,2,Dingin
train_1111.jpg,10,2,Dingin
train_1112.jpg,9,2,Dingin
train_1113.jpg,10,2,Dingin
train_1114.jpg,11,2,Dingin
train_1115.jpg,10,2,Dingin
train_1116.jpg,10,2,Dingin
train_1117.jpg,10,2,Dingin
train_1118.jpg,10,2,Dingin
train_1119.jpg,10,2,Dingin
train_1120.jpg,10,2,Dingin
train_1121.jpg,8,2,Dingin
train_1122.jpg,11,2,Dingin
train_1123.jpg,10,2,Dingin
train_1124.jpg,10,2,Dingin
train_1125.jpg,10,2,Dingin
train_1126.jpg,10,2,Dingin
train_1127.jpg,9,2,Dingin
train_1128.jpg,9,2,Dingin
train_1129.jpg,11,2,Dingin
train_1130.jpg,10,2,Dingin
train_1131.jpg,9,2,Dingin
train_1132.jpg,10,2,Dingin
train_1133.jpg,10,2,Dingin
train_1134.jpg,10,2,Dingin
train_1135.jpg,10,2,Dingin
train_1136.jpg,9,2,Dingin
train_1137.jpg,10,2,Dingin
train_1138.jpg,10,2,Dingin
train_1139.jpg,10,2,Dingin
train_1140.jpg,10,2,Dingin
train_1141.jpg,9,2,Dingin
train_1142.jpg,10,2,Dingin
train_1143.jpg,10,2,Dingin
train_1144.jpg,10,2,Dingin
train_1145.jpg,9,2,Dingin
train_1146.jpg,9,2,Dingin
train_1147.jpg,9,2,Dingin
train_1148.jpg,10,2,Dingin
train_1149.jpg,10,2,Dingin
train_1150.jpg,10,2,Dingin
train_1151.jpg,10,2,Dingin
train_1152.jpg,10,2,Dingin
train_1153.jpg,10,2,Dingin
train_1154.jpg,10,2,Dingin
train_1155.jpg,10,2,Dingin
train_1156.jpg,8,2,Dingin
train_1157.jpg,9,2,Dingin
train_1158.jpg,10,2,Dingin
train_1159.jpg,10,2,Dingin
train_1160.jpg,10,2,Dingin
train_1161.jpg,10,2,Dingin
train_1162.jpg,10,2,Dingin
train_1163.jpg,10,2,Dingin
train_1164.jpg,10,2,Dingin
train_1165.jpg,10,2,Dingin
train_1166.jpg,10,2,Dingin
train_1167.jpg,10,2,Dingin
train_1168.jpg,9,2,Dingin
train_1169.jpg,9,2,Dingin
train_1170.jpg,10,2,Dingin
train_1171.jpg,10,2,Dingin
train_1172.jpg,8,2,Dingin
train_1173.jpg,9,2,Dingin
train_1174.jpg,9,2,Dingin
train_1175.jpg,9,2,Dingin
train_1176.jpg,9,2,Dingin
train_1177.jpg,9,2,Dingin
train_1178.jpg,9,2,Dingin
train_1179.jpg,9,2,Dingin
train_1180.jpg,9,2,Dingin
train_1181.jpg,9,2,Dingin
train_1182.jpg,8,2,Dingin
train_1183.jpg,9,2,Dingin
train_1184.jpg,8,2,Dingin
train_1185.jpg,10,2,Dingin
train_1186.jpg,10,2,Dingin
train_1187.jpg,10,2,Dingin
train_1188.jpg,10,2,Dingin
train_1189.jpg,10,2,Dingin
train_1190.jpg,10,2,Dingin
train_1191.jpg,10,2,Dingin
train_0463.jpg,5,1,Sejuk
train_0464.jpg,6,1,Sejuk